{
    "500": {
        "@10": {
            "item_sample_001": {
                "big5": 0.2944525236362466
            }
        },
        "@4": {
            "item_sample_001": {
                "pvq": 0.13998379353631837,
                "via": 0.2774633620264148
            }
        }
    }
}