{
    "500": {
        "@10": {
            "sampling_sample_001": {
                "big5": 0.839404416603666
            }
        },
        "@4": {
            "sampling_sample_001": {
                "pvq": 0.6872241214378474,
                "via": 0.7097852072468941
            }
        }
    }
}