{
    "500": {
        "@10": {
            "no_mediator_sample_001": {
                "big5": 0.5856452922719627
            }
        },
        "@4": {
            "no_mediator_sample_001": {
                "pvq": 0.33274425482641756,
                "via": 0.5110730880906175
            }
        }
    }
}