{
    "500": {
        "@10": {
            "item_sample_001": {
                "big5": 0.6260804333183883
            }
        },
        "@4": {
            "item_sample_001": {
                "pvq": 0.327612217090805,
                "via": 0.5768114151689478
            }
        }
    }
}