{
    "500": {
        "@10": {
            "sampling_sample_001": {
                "big5": 0.2648187246891406
            }
        },
        "@4": {
            "sampling_sample_001": {
                "pvq": 0.1376825534141854,
                "via": 0.28644577048960734
            }
        }
    }
}