{
    "500": {
        "@10": {
            "caps_sample_001": {
                "big5": 0.5868177944887123
            }
        },
        "@4": {
            "caps_sample_001": {
                "pvq": 0.3476435233851435,
                "via": 0.5603690597569251
            }
        }
    }
}