{
    "500": {
        "@10": {
            "wvs_sample_001": {
                "big5": 0.9038568048317883
            }
        },
        "@4": {
            "wvs_sample_001": {
                "pvq": 0.7494582674465207,
                "via": 0.7620227849771636
            }
        }
    }
}