{
    "500": {
        "@10": {
            "wvs_sample_001": {
                "big5": 0.3020170895764812
            }
        },
        "@4": {
            "wvs_sample_001": {
                "pvq": 0.13256153027608114,
                "via": 0.3048822579802199
            }
        }
    }
}