{
    "500": {
        "@10": {
            "caps_sample_001": {
                "big5": 0.8922782283549365
            }
        },
        "@4": {
            "caps_sample_001": {
                "pvq": 0.7394850942466549,
                "via": 0.7794587070009459
            }
        }
    }
}