{
    "500": {
        "@10": {
            "item_sample_001": {
                "big5": 0.8920922045197333
            }
        },
        "@4": {
            "item_sample_001": {
                "pvq": 0.6985939372101415,
                "via": 0.755872288920384
            }
        }
    }
}