{
    "500": {
        "@10": {
            "free_sample_001": {
                "big5": 0.2935564236026574
            }
        },
        "@4": {
            "free_sample_001": {
                "pvq": 0.14250556495821573,
                "via": 0.298860746311392
            }
        }
    }
}