{
    "500": {
        "@10": {
            "free_sample_001": {
                "big5": 0.903658211382
            }
        },
        "@4": {
            "free_sample_001": {
                "pvq": 0.7573428039685043,
                "via": 0.802596866082475
            }
        }
    }
}