{
    "500": {
        "@10": {
            "wvs_sample_001": {
                "big5": 0.6144270589995433
            }
        },
        "@4": {
            "wvs_sample_001": {
                "pvq": 0.32796201472898734,
                "via": 0.5375820617161554
            }
        }
    }
}