{
    "500": {
        "@10": {
            "no_mediator_sample_001": {
                "big5": 0.29779180386453835
            }
        },
        "@4": {
            "no_mediator_sample_001": {
                "pvq": 0.13844049709775924,
                "via": 0.2876492574408423
            }
        }
    }
}