{
    "500": {
        "@10": {
            "sampling_sample_001": {
                "big5": 0.5155498986424838
            }
        },
        "@4": {
            "sampling_sample_001": {
                "pvq": 0.3102196098222857,
                "via": 0.5296034769663914
            }
        }
    }
}