{
    "500": {
        "@10": {
            "caps_sample_001": {
                "big5": 0.296394853914209
            }
        },
        "@4": {
            "caps_sample_001": {
                "pvq": 0.14459127965499968,
                "via": 0.2983416766726819
            }
        }
    }
}