{
    "500": {
        "@10": {
            "no_mediator_sample_001": {
                "big5": 0.8950973104951263
            }
        },
        "@4": {
            "no_mediator_sample_001": {
                "pvq": 0.755531383005468,
                "via": 0.7280074243160349
            }
        }
    }
}