{
    "500": {
        "@10": {
            "free_sample_001": {
                "big5": 0.6318916132470828
            }
        },
        "@4": {
            "free_sample_001": {
                "pvq": 0.3160002089514043,
                "via": 0.5855709705476283
            }
        }
    }
}